{"count":1,"self":1777.9214336,"total":3700.0129589,"children":{"InitializeActuators":{"count":2,"self":0.0010035999999999999,"total":0.0010035999999999999,"children":null},"InitializeSensors":{"count":2,"self":0.0010050999999999999,"total":0.0010050999999999999,"children":null},"AgentSendState":{"count":2203134,"self":2.7602379999999997,"total":11.7724729,"children":{"CollectObservations":{"count":881254,"self":1.1321891,"total":1.1321891,"children":null},"WriteActionMask":{"count":881254,"self":0.2469836,"total":0.2469836,"children":null},"RequestDecision":{"count":881254,"self":1.7548856,"total":7.6330623,"children":{"AgentInfo.ToProto":{"count":881254,"self":2.0017196,"total":5.8781767999999994,"children":{"GenerateSensorData":{"count":881254,"self":3.8764572,"total":3.8764572,"children":null}}}}}}},"DecideAction":{"count":2203134,"self":1898.6399743999998,"total":1898.6399129,"children":null},"AgentAct":{"count":2203134,"self":11.677114399999999,"total":11.677114099999999,"children":null}},"gauges":{},"metadata":{"timer_format_version":"0.1.0","start_time_seconds":"1759564820","unity_version":"2022.3.60f1","command_line_arguments":"C:\\Program Files\\Unity\\Hub\\Editor\\2022.3.60f1\\Editor\\Unity.exe -projectpath C:\\Users\\ajou\\My project\\Please -useHub -hubIPC -cloudEnvironment production -licensingIpc LicenseClient-l_YjLPsFRoLcG-9BbTKNk -hubSessionId baf80835-d5bd-4b78-bf14-a2f13d1e74e0 -accessToken EPF3OOXlOGeLVyHK1HBbl5E8yYmdIp6L-eQfwgdemug00df","communication_protocol_version":"1.5.0","com.unity.ml-agents_version":"2.1.0-exp.1","scene_name":"Demo","end_time_seconds":"1759568520"}}