{
    "name": "root",
    "gauges": {
        "DronePoca.Policy.Entropy.mean": {
            "value": 1.4211435317993164,
            "min": 1.4192750453948975,
            "max": 1.4211435317993164,
            "count": 2
        },
        "DronePoca.Policy.Entropy.sum": {
            "value": 70943.484375,
            "min": 70943.484375,
            "max": 71318.5703125,
            "count": 2
        },
        "DronePoca.Step.mean": {
            "value": 99912.0,
            "min": 49972.0,
            "max": 99912.0,
            "count": 2
        },
        "DronePoca.Step.sum": {
            "value": 99912.0,
            "min": 49972.0,
            "max": 99912.0,
            "count": 2
        },
        "DronePoca.Policy.ExtrinsicBaselineEstimate.mean": {
            "value": 1.7949610948562622,
            "min": 0.15225070714950562,
            "max": 1.7949610948562622,
            "count": 2
        },
        "DronePoca.Policy.ExtrinsicBaselineEstimate.sum": {
            "value": 709.0096435546875,
            "min": 61.96603775024414,
            "max": 709.0096435546875,
            "count": 2
        },
        "DronePoca.Policy.ExtrinsicValueEstimate.mean": {
            "value": 3.735262632369995,
            "min": 0.5706849694252014,
            "max": 3.735262632369995,
            "count": 2
        },
        "DronePoca.Policy.ExtrinsicValueEstimate.sum": {
            "value": 1475.4287109375,
            "min": 232.26878356933594,
            "max": 1475.4287109375,
            "count": 2
        },
        "DronePoca.Environment.EpisodeLength.mean": {
            "value": 1377.5,
            "min": 1377.5,
            "max": 1523.9333333333334,
            "count": 2
        },
        "DronePoca.Environment.EpisodeLength.sum": {
            "value": 11020.0,
            "min": 11020.0,
            "max": 45718.0,
            "count": 2
        },
        "DronePoca.Environment.CumulativeReward.mean": {
            "value": 3.9152341466397047,
            "min": 3.9152341466397047,
            "max": 17.875388972111978,
            "count": 2
        },
        "DronePoca.Environment.CumulativeReward.sum": {
            "value": 31.321873173117638,
            "min": 31.321873173117638,
            "max": 536.2616691633593,
            "count": 2
        },
        "DronePoca.Policy.ExtrinsicReward.mean": {
            "value": 180.2350411284715,
            "min": 180.2350411284715,
            "max": 310.5951119060318,
            "count": 2
        },
        "DronePoca.Policy.ExtrinsicReward.sum": {
            "value": 1441.880329027772,
            "min": 1441.880329027772,
            "max": 9317.853357180953,
            "count": 2
        },
        "DronePoca.Losses.PolicyLoss.mean": {
            "value": 0.0179882281285245,
            "min": 0.01673415114322173,
            "max": 0.0179882281285245,
            "count": 2
        },
        "DronePoca.Losses.PolicyLoss.sum": {
            "value": 0.0179882281285245,
            "min": 0.01673415114322173,
            "max": 0.0179882281285245,
            "count": 2
        },
        "DronePoca.Losses.ValueLoss.mean": {
            "value": 0.4303890037039916,
            "min": 0.4303890037039916,
            "max": 3.230669528245926,
            "count": 2
        },
        "DronePoca.Losses.ValueLoss.sum": {
            "value": 0.4303890037039916,
            "min": 0.4303890037039916,
            "max": 3.230669528245926,
            "count": 2
        },
        "DronePoca.Losses.BaselineLoss.mean": {
            "value": 12.765079800287882,
            "min": 10.429614877700805,
            "max": 12.765079800287882,
            "count": 2
        },
        "DronePoca.Losses.BaselineLoss.sum": {
            "value": 12.765079800287882,
            "min": 10.429614877700805,
            "max": 12.765079800287882,
            "count": 2
        },
        "DronePoca.Policy.LearningRate.mean": {
            "value": 0.00029950804816398396,
            "min": 0.00029950804816398396,
            "max": 0.000299754114081962,
            "count": 2
        },
        "DronePoca.Policy.LearningRate.sum": {
            "value": 0.00029950804816398396,
            "min": 0.00029950804816398396,
            "max": 0.000299754114081962,
            "count": 2
        },
        "DronePoca.Policy.Epsilon.mean": {
            "value": 0.19983601600000006,
            "min": 0.19983601600000006,
            "max": 0.19991803800000002,
            "count": 2
        },
        "DronePoca.Policy.Epsilon.sum": {
            "value": 0.19983601600000006,
            "min": 0.19983601600000006,
            "max": 0.19991803800000002,
            "count": 2
        },
        "DronePoca.Policy.Beta.mean": {
            "value": 0.004991817198400002,
            "min": 0.004991817198400002,
            "max": 0.004995910096199999,
            "count": 2
        },
        "DronePoca.Policy.Beta.sum": {
            "value": 0.004991817198400002,
            "min": 0.004991817198400002,
            "max": 0.004995910096199999,
            "count": 2
        },
        "DronePoca.IsTraining.mean": {
            "value": 1.0,
            "min": 1.0,
            "max": 1.0,
            "count": 2
        },
        "DronePoca.IsTraining.sum": {
            "value": 1.0,
            "min": 1.0,
            "max": 1.0,
            "count": 2
        }
    },
    "metadata": {
        "timer_format_version": "0.1.0",
        "start_time_seconds": "1759597082",
        "python_version": "3.7.0 (default, Jun 28 2018, 08:04:48) [MSC v.1912 64 bit (AMD64)]",
        "command_line_arguments": "C:\\Users\\ajou\\anaconda3\\envs\\2025capstone\\Scripts\\mlagents-learn DronePoca.yaml --run-id=test02 --force",
        "mlagents_version": "0.27.0",
        "mlagents_envs_version": "0.27.0",
        "communication_protocol_version": "1.5.0",
        "pytorch_version": "1.13.1+cpu",
        "numpy_version": "1.21.6",
        "end_time_seconds": "1759597678"
    },
    "total": 596.1071734999999,
    "count": 1,
    "self": 0.0045290999998996995,
    "children": {
        "run_training.setup": {
            "total": 0.046858100000000014,
            "count": 1,
            "self": 0.046858100000000014
        },
        "TrainerController.start_learning": {
            "total": 596.0557863,
            "count": 1,
            "self": 0.6839135000000169,
            "children": {
                "TrainerController._reset_env": {
                    "total": 5.7498071,
                    "count": 1,
                    "self": 5.7498071
                },
                "TrainerController.advance": {
                    "total": 589.5451984,
                    "count": 41104,
                    "self": 0.6214455000111911,
                    "children": {
                        "env_step": {
                            "total": 434.2225730999922,
                            "count": 41104,
                            "self": 399.41604279999603,
                            "children": {
                                "SubprocessEnvManager._take_step": {
                                    "total": 34.378450100005125,
                                    "count": 41104,
                                    "self": 1.9831526000064201,
                                    "children": {
                                        "TorchPolicy.evaluate": {
                                            "total": 32.395297499998705,
                                            "count": 41071,
                                            "self": 5.534993699995514,
                                            "children": {
                                                "TorchPolicy.sample_actions": {
                                                    "total": 26.86030380000319,
                                                    "count": 41071,