{
    "name": "root",
    "gauges": {
        "DronePoca.Policy.Entropy.mean": {
            "value": 1.435544490814209,
            "min": 1.4178838729858398,
            "max": 1.435544490814209,
            "count": 8
        },
        "DronePoca.Policy.Entropy.sum": {
            "value": 71849.0,
            "min": 70948.0703125,
            "max": 71849.0,
            "count": 8
        },
        "DronePoca.Environment.EpisodeLength.mean": {
            "value": 4532.461538461538,
            "min": 2642.0476190476193,
            "max": 5113.461538461538,
            "count": 8
        },
        "DronePoca.Environment.EpisodeLength.sum": {
            "value": 58922.0,
            "min": 25424.0,
            "max": 66475.0,
            "count": 8
        },
        "DronePoca.Step.mean": {
            "value": 399944.0,
            "min": 49877.0,
            "max": 399944.0,
            "count": 8
        },
        "DronePoca.Step.sum": {
            "value": 399944.0,
            "min": 49877.0,
            "max": 399944.0,
            "count": 8
        },
        "DronePoca.Policy.ExtrinsicBaselineEstimate.mean": {
            "value": -0.2115788459777832,
            "min": -0.2115788459777832,
            "max": 0.07422072440385818,
            "count": 8
        },
        "DronePoca.Policy.ExtrinsicBaselineEstimate.sum": {
            "value": -84.20838165283203,
            "min": -84.20838165283203,
            "max": 29.53984832763672,
            "count": 8
        },
        "DronePoca.Policy.ExtrinsicValueEstimate.mean": {
            "value": -0.2115788459777832,
            "min": -0.2115788459777832,
            "max": 0.07422072440385818,
            "count": 8
        },
        "DronePoca.Policy.ExtrinsicValueEstimate.sum": {
            "value": -84.20838165283203,
            "min": -84.20838165283203,
            "max": 29.53984832763672,
            "count": 8
        },
        "DronePoca.Environment.CumulativeReward.mean": {
            "value": -29.426192017522855,
            "min": -34.187276515364644,
            "max": -7.82694482554992,
            "count": 8
        },
        "DronePoca.Environment.CumulativeReward.sum": {
            "value": -382.5404962277971,
            "min": -382.5404962277971,
            "max": -70.44250342994928,
            "count": 8
        },
        "DronePoca.Policy.ExtrinsicReward.mean": {
            "value": -29.426192017522855,
            "min": -34.187276515364644,
            "max": -7.82694482554992,
            "count": 8
        },
        "DronePoca.Policy.ExtrinsicReward.sum": {
            "value": -382.5404962277971,
            "min": -382.5404962277971,
            "max": -70.44250342994928,
            "count": 8
        },
        "DronePoca.Environment.GroupCumulativeReward.mean": {
            "value": 0.0,
            "min": 0.0,
            "max": 0.0,
            "count": 8
        },
        "DronePoca.Environment.GroupCumulativeReward.sum": {
            "value": 0.0,
            "min": 0.0,
            "max": 0.0,
            "count": 8
        },
        "DronePoca.Losses.PolicyLoss.mean": {
            "value": 0.01659702300239587,
            "min": 0.014558421689434909,
            "max": 0.019472213788928154,
            "count": 8
        },
        "DronePoca.Losses.PolicyLoss.sum": {
            "value": 0.01659702300239587,
            "min": 0.014558421689434909,
            "max": 0.03438124358071946,
            "count": 8
        },
        "DronePoca.Losses.ValueLoss.mean": {
            "value": 0.00403351696052899,
            "min": 0.0032538848482848454,
            "max": 0.010322650661692023,
            "count": 8
        },
        "DronePoca.Losses.ValueLoss.sum": {
            "value": 0.00403351696052899,
            "min": 0.003941682431225975,
            "max": 0.010322650661692023,
            "count": 8
        },
        "DronePoca.Losses.BaselineLoss.mean": {
            "value": 0.004033597589780887,
            "min": 0.0032538936890584105,
            "max": 0.01043130539668103,
            "count": 8
        },
        "DronePoca.Losses.BaselineLoss.sum": {
            "value": 0.004033597589780887,
            "min": 0.003941682435106486,
            "max": 0.01043130539668103,
            "count": 8
        },
        "DronePoca.Policy.LearningRate.mean": {
            "value": 0.00029778405673864795,
            "min": 0.00029778405673864795,
            "max": 0.00029975364008211994,
            "count": 8
        },
        "DronePoca.Policy.LearningRate.sum": {
            "value": 0.00029778405673864795,
            "min": 0.00029778405673864795,
            "max": 0.000597291006902998,
            "count": 8
        },
        "DronePoca.Policy.Epsilon.mean": {
            "value": 0.19926135200000003,
            "min": 0.19926135200000003,
            "max": 0.19991788,
            "count": 8
        },
        "DronePoca.Policy.Epsilon.sum": {
            "value": 0.19926135200000003,
            "min": 0.19926135200000003,
            "max": 0.39909700200000003,
            "count": 8
        },
        "DronePoca.Policy.Beta.mean": {
            "value": 0.004963141464799999,
            "min": 0.004963141464799999,
            "max": 0.004995902212000002,
            "count": 8
        },
        "DronePoca.Policy.Beta.sum": {
            "value": 0.004963141464799999,
            "min": 0.004963141464799999,
            "max": 0.0099549403998,
            "count": 8
        },
        "DronePoca.IsTraining.mean": {
            "value": 1.0,
            "min": 1.0,
            "max": 1.0,
            "count": 8
        },
        "DronePoca.IsTraining.sum": {
            "value": 1.0,
            "min": 1.0,
            "max": 1.0,
            "count": 8
        }
    },
    "metadata": {
        "timer_format_version": "0.1.0",
        "start_time_seconds": "1759577527",
        "python_version": "3.7.0 (default, Jun 28 2018, 08:04:48) [MSC v.1912 64 bit (AMD64)]",
        "command_line_arguments": "C:\\Users\\ajou\\anaconda3\\envs\\2025capstone\\Scripts\\mlagents-learn DronePoca.yaml --run-id=test02 --force",
        "mlagents_version": "0.27.0",
        "mlagents_envs_version": "0.27.0",
        "communication_protocol_version": "1.5.0",
        "pytorch_version": "1.13.1+cpu",
        "numpy_version": "1.21.6",
        "end_time_seconds": "1759580488"
    },
    "total": 2961.4470299,
    "count": 1,
    "self": 0.005392200000187586,
    "children": {
        "run_training.setup": {
            "total": 0.07717529999999995,
            "count": 1,
            "self": 0.07717529999999995
        },
        "TrainerController.start_learning": {
            "total": 2961.3644624,
            "count": 1,
            "self": 4.103643899977669,
            "children": {
                "TrainerController._reset_env": {
                    "total": 6.4922876,
                    "count": 1,
                    "self": 6.4922876
                },
                "TrainerController.advance": {
                    "total": 2950.6305232000223,
                    "count": 210393,
                    "self": 3.90303250002853,
                    "children": {
                        "env_step": {
                            "total": 2676.077639599998,
                            "count": 210393,
                            "self": 2467.518038400029,
                            "children": {
                                "SubprocessEnvManager._take_step": {
                                    "total": 205.98804669995906,
                                    "count": 210393,
                                    "self": 11.752676500064695,
                                    "children": {
                                        "TorchPolicy.evaluate": {
                                            "total": 194.23537019989436,
                                            "count": 210301,