{
    "name": "root",
    "gauges": {
        "DronePoca.Policy.Entropy.mean": {
            "value": 1.4201627969741821,
            "min": 1.4190289974212646,
            "max": 1.4201627969741821,
            "count": 2
        },
        "DronePoca.Policy.Entropy.sum": {
            "value": 70922.9296875,
            "min": 70922.9296875,
            "max": 71144.4375,
            "count": 2
        },
        "DronePoca.Environment.EpisodeLength.mean": {
            "value": 6160.8,
            "min": 3438.0,
            "max": 6160.8,
            "count": 2
        },
        "DronePoca.Environment.EpisodeLength.sum": {
            "value": 30804.0,
            "min": 24066.0,
            "max": 30804.0,
            "count": 2
        },
        "DronePoca.Step.mean": {
            "value": 99938.0,
            "min": 49929.0,
            "max": 99938.0,
            "count": 2
        },
        "DronePoca.Step.sum": {
            "value": 99938.0,
            "min": 49929.0,
            "max": 99938.0,
            "count": 2
        },
        "DronePoca.Policy.ExtrinsicBaselineEstimate.mean": {
            "value": 0.9155511856079102,
            "min": 0.20572149753570557,
            "max": 0.9155511856079102,
            "count": 2
        },
        "DronePoca.Policy.ExtrinsicBaselineEstimate.sum": {
            "value": 359.8116149902344,
            "min": 81.05426788330078,
            "max": 359.8116149902344,
            "count": 2
        },
        "DronePoca.Policy.ExtrinsicValueEstimate.mean": {
            "value": 0.9155511856079102,
            "min": 0.20572149753570557,
            "max": 0.9155511856079102,
            "count": 2
        },
        "DronePoca.Policy.ExtrinsicValueEstimate.sum": {
            "value": 359.8116149902344,
            "min": 81.05426788330078,
            "max": 359.8116149902344,
            "count": 2
        },
        "DronePoca.Environment.CumulativeReward.mean": {
            "value": 116.8128500521183,
            "min": 116.8128500521183,
            "max": 293.3899750432798,
            "count": 2
        },
        "DronePoca.Environment.CumulativeReward.sum": {
            "value": 584.0642502605915,
            "min": 584.0642502605915,
            "max": 2053.7298253029585,
            "count": 2
        },
        "DronePoca.Policy.ExtrinsicReward.mean": {
            "value": 116.8128500521183,
            "min": 116.8128500521183,
            "max": 293.3899750432798,
            "count": 2
        },
        "DronePoca.Policy.ExtrinsicReward.sum": {
            "value": 584.0642502605915,
            "min": 584.0642502605915,
            "max": 2053.7298253029585,
            "count": 2
        },
        "DronePoca.Environment.GroupCumulativeReward.mean": {
            "value": 0.0,
            "min": 0.0,
            "max": 0.0,
            "count": 2
        },
        "DronePoca.Environment.GroupCumulativeReward.sum": {
            "value": 0.0,
            "min": 0.0,
            "max": 0.0,
            "count": 2
        },
        "DronePoca.Losses.PolicyLoss.mean": {
            "value": 0.013460339930315968,
            "min": 0.013460339930315968,
            "max": 0.013643573504426361,
            "count": 2
        },
        "DronePoca.Losses.PolicyLoss.sum": {
            "value": 0.013460339930315968,
            "min": 0.013460339930315968,
            "max": 0.013643573504426361,
            "count": 2
        },
        "DronePoca.Losses.ValueLoss.mean": {
            "value": 0.08052409713466963,
            "min": 0.08052409713466963,
            "max": 0.5246160944302877,
            "count": 2
        },
        "DronePoca.Losses.ValueLoss.sum": {
            "value": 0.08052409713466963,
            "min": 0.08052409713466963,
            "max": 0.5246160944302877,
            "count": 2
        },
        "DronePoca.Losses.BaselineLoss.mean": {
            "value": 0.112931423385938,
            "min": 0.112931423385938,
            "max": 1.539861838022868,
            "count": 2
        },
        "DronePoca.Losses.BaselineLoss.sum": {
            "value": 0.112931423385938,
            "min": 0.112931423385938,
            "max": 1.539861838022868,
            "count": 2
        },
        "DronePoca.Policy.LearningRate.mean": {
            "value": 0.0002995083961638681,
            "min": 0.0002995083961638681,
            "max": 0.00029975418608193795,
            "count": 2
        },
        "DronePoca.Policy.LearningRate.sum": {
            "value": 0.0002995083961638681,
            "min": 0.0002995083961638681,
            "max": 0.00029975418608193795,
            "count": 2
        },
        "DronePoca.Policy.Epsilon.mean": {
            "value": 0.19983613199999997,
            "min": 0.19983613199999997,
            "max": 0.19991806200000004,
            "count": 2
        },
        "DronePoca.Policy.Epsilon.sum": {
            "value": 0.19983613199999997,
            "min": 0.19983613199999997,
            "max": 0.19991806200000004,
            "count": 2
        },
        "DronePoca.Policy.Beta.mean": {
            "value": 0.0049918229868,
            "min": 0.0049918229868,
            "max": 0.0049959112938,
            "count": 2
        },
        "DronePoca.Policy.Beta.sum": {
            "value": 0.0049918229868,
            "min": 0.0049918229868,
            "max": 0.0049959112938,
            "count": 2
        },
        "DronePoca.IsTraining.mean": {
            "value": 1.0,
            "min": 1.0,
            "max": 1.0,
            "count": 2
        },
        "DronePoca.IsTraining.sum": {
            "value": 1.0,
            "min": 1.0,
            "max": 1.0,
            "count": 2
        }
    },
    "metadata": {
        "timer_format_version": "0.1.0",
        "start_time_seconds": "1759568685",
        "python_version": "3.7.0 (default, Jun 28 2018, 08:04:48) [MSC v.1912 64 bit (AMD64)]",
        "command_line_arguments": "C:\\Users\\ajou\\anaconda3\\envs\\2025capstone\\Scripts\\mlagents-learn DronePoca.yaml --run-id=test02 --force",
        "mlagents_version": "0.27.0",
        "mlagents_envs_version": "0.27.0",
        "communication_protocol_version": "1.5.0",
        "pytorch_version": "1.13.1+cpu",
        "numpy_version": "1.21.6",
        "end_time_seconds": "1759569706"
    },
    "total": 1020.4622276,
    "count": 1,
    "self": 0.005046799999945506,
    "children": {
        "run_training.setup": {
            "total": 0.05354419999999993,
            "count": 1,
            "self": 0.05354419999999993
        },
        "TrainerController.start_learning": {
            "total": 1020.4036366,
            "count": 1,
            "self": 1.265827299982675,
            "children": {
                "TrainerController._reset_env": {
                    "total": 9.113197600000001,
                    "count": 1,
                    "self": 9.113197600000001
                },
                "TrainerController.advance": {
                    "total": 1009.9362103000174,
                    "count": 66598,
                    "self": 1.144478500031937,
                    "children": {
                        "env_step": {
                            "total": 930.0788807999902,
                            "count": 66598,
                            "self": 862.7905416000027,
                            "children": {
                                "SubprocessEnvManager._take_step": {
                                    "total": 66.52284349999684,
                                    "count": 66598,
                                    "self": 3.7500868999986494,
                                    "children": {
                                        "TorchPolicy.evaluate": {
                                            "total": 62.77275659999819,
                                            "count": 66587,
                                            "self": 10.723731499995665,