{
    "name": "root",
    "metadata": {
        "timer_format_version": "0.1.0",
        "start_time_seconds": "1759568142",
        "python_version": "3.7.0 (default, Jun 28 2018, 08:04:48) [MSC v.1912 64 bit (AMD64)]",
        "command_line_arguments": "C:\\Users\\ajou\\anaconda3\\envs\\2025capstone\\Scripts\\mlagents-learn DronePoca.yaml --run-id=test02 --force",
        "mlagents_version": "0.27.0",
        "mlagents_envs_version": "0.27.0",
        "communication_protocol_version": "1.5.0",
        "pytorch_version": "1.13.1+cpu",
        "numpy_version": "1.21.6",
        "end_time_seconds": "1759568282"
    },
    "total": 140.2281347,
    "count": 1,
    "self": 0.004394800000000032,
    "children": {
        "run_training.setup": {
            "total": 0.07014670000000012,
            "count": 1,
            "self": 0.07014670000000012
        },
        "TrainerController.start_learning": {
            "total": 140.1535932,
            "count": 1,
            "self": 0.2614644000006763,
            "children": {
                "TrainerController._reset_env": {
                    "total": 6.4194911,
                    "count": 1,
                    "self": 6.4194911
                },
                "TrainerController.advance": {
                    "total": 133.40289259999935,
                    "count": 15545,
                    "self": 0.2314506999992716,
                    "children": {
                        "env_step": {
                            "total": 129.37898920000015,
                            "count": 15545,
                            "self": 115.86075660000039,
                            "children": {
                                "SubprocessEnvManager._take_step": {
                                    "total": 13.361040700000144,
                                    "count": 15545,
                                    "self": 0.7460581999992488,
                                    "children": {
                                        "TorchPolicy.evaluate": {
                                            "total": 12.614982500000895,
                                            "count": 15544,
                                            "self": 2.1523618000004667,
                                            "children": {
                                                "TorchPolicy.sample_actions": {
                                                    "total": 10.462620700000429,
                                                    "count": 15544,
                                                    "self": 10.462620700000429
                                                }
                                            }
                                        }
                                    }
                                },
                                "workers": {
                                    "total": 0.15719189999961625,
                                    "count": 15544,
                                    "self": 0.0,
                                    "children": {
                                        "worker_root": {
                                            "total": 133.3732195000005,
                                            "count": 15544,
                                            "is_parallel": true,
                                            "self": 30.378246400000037,
                                            "children": {
                                                "steps_from_proto": {
                                                    "total": 0.00020419999999976568,
                                                    "count": 1,
                                                    "is_parallel": true,
                                                    "self": 7.510000000010564e-05,
                                                    "children": {
                                                        "_process_rank_one_or_two_observation": {
                                                            "total": 0.00012909999999966004,
                                                            "count": 2,
                                                            "is_parallel": true,
                                                            "self": 0.00012909999999966004
                                                        }
                                                    }
                                                },
                                                "UnityEnvironment.step": {
                                                    "total": 102.99476890000045,
                                                    "count": 15544,
                                                    "is_parallel": true,
                                                    "self": 0.7570216000019627,
                                                    "children": {
                                                        "UnityEnvironment._generate_step_input": {
                                                            "total": 0.6378223000000887,
                                                            "count": 15544,
                                                            "is_parallel": true,
                                                            "self": 0.6378223000000887
                                                        },
                                                        "communicator.exchange": {
                                                            "total": 99.56661089999915,
                                                            "count": 15544,
                                                            "is_parallel": true,
                                                            "self": 99.56661089999915
                                                        },
                                                        "steps_from_proto": {
                                                            "total": 2.033314099999247,
                                                            "count": 15544,
                                                            "is_parallel": true,
                                                            "self": 0.9509587999992632,
                                                            "children": {
                                                                "_process_rank_one_or_two_observation": {
                                                                    "total": 1.0823552999999837,
                                                                    "count": 31088,
                                                                    "is_parallel": true,
                                                                    "self": 1.0823552999999837
                                                                }
                                                            }
                                                        }
                                                    }
                                                }
                                            }
                                        }
                                    }
                                }
                            }
                        },
                        "trainer_advance": {
                            "total": 3.792452699999931,
                            "count": 15544,
                            "self": 0.33163790000028115,
                            "children": {
                                "process_trajectory": {
                                    "total": 3.4608147999996497,
                                    "count": 15544,
                                    "self": 3.4608147999996497
                                }
                            }
                        }
                    }
                },