{
    "name": "root",
    "gauges": {
        "DronePoca.Policy.Entropy.mean": {
            "value": 1.4192993640899658,
            "min": 1.4192993640899658,
            "max": 1.4192993640899658,
            "count": 1
        },
        "DronePoca.Policy.Entropy.sum": {
            "value": 71104.0625,
            "min": 71104.0625,
            "max": 71104.0625,
            "count": 1
        },
        "DronePoca.Step.mean": {
            "value": 49945.0,
            "min": 49945.0,
            "max": 49945.0,
            "count": 1
        },
        "DronePoca.Step.sum": {
            "value": 49945.0,
            "min": 49945.0,
            "max": 49945.0,
            "count": 1
        },
        "DronePoca.Policy.ExtrinsicBaselineEstimate.mean": {
            "value": 0.15304191410541534,
            "min": 0.15304191410541534,
            "max": 0.15304191410541534,
            "count": 1
        },
        "DronePoca.Policy.ExtrinsicBaselineEstimate.sum": {
            "value": 60.29851531982422,
            "min": 60.29851531982422,
            "max": 60.29851531982422,
            "count": 1
        },
        "DronePoca.Policy.ExtrinsicValueEstimate.mean": {
            "value": 0.15304191410541534,
            "min": 0.15304191410541534,
            "max": 0.15304191410541534,
            "count": 1
        },
        "DronePoca.Policy.ExtrinsicValueEstimate.sum": {
            "value": 60.29851531982422,
            "min": 60.29851531982422,
            "max": 60.29851531982422,
            "count": 1
        },
        "DronePoca.Environment.EpisodeLength.mean": {
            "value": 5652.857142857143,
            "min": 5652.857142857143,
            "max": 5652.857142857143,
            "count": 1
        },
        "DronePoca.Environment.EpisodeLength.sum": {
            "value": 39570.0,
            "min": 39570.0,
            "max": 39570.0,
            "count": 1
        },
        "DronePoca.Environment.CumulativeReward.mean": {
            "value": 289.7038676462003,
            "min": 289.7038676462003,
            "max": 289.7038676462003,
            "count": 1
        },
        "DronePoca.Environment.CumulativeReward.sum": {
            "value": 2027.9270735234022,
            "min": 2027.9270735234022,
            "max": 2027.9270735234022,
            "count": 1
        },
        "DronePoca.Policy.ExtrinsicReward.mean": {
            "value": 289.7038676462003,
            "min": 289.7038676462003,
            "max": 289.7038676462003,
            "count": 1
        },
        "DronePoca.Policy.ExtrinsicReward.sum": {
            "value": 2027.9270735234022,
            "min": 2027.9270735234022,
            "max": 2027.9270735234022,
            "count": 1
        },
        "DronePoca.Environment.GroupCumulativeReward.mean": {
            "value": 0.0,
            "min": 0.0,
            "max": 0.0,
            "count": 1
        },
        "DronePoca.Environment.GroupCumulativeReward.sum": {
            "value": 0.0,
            "min": 0.0,
            "max": 0.0,
            "count": 1
        },
        "DronePoca.Losses.PolicyLoss.mean": {
            "value": 0.016858322274250288,
            "min": 0.016858322274250288,
            "max": 0.016858322274250288,
            "count": 1
        },
        "DronePoca.Losses.PolicyLoss.sum": {
            "value": 0.016858322274250288,
            "min": 0.016858322274250288,
            "max": 0.016858322274250288,
            "count": 1
        },
        "DronePoca.Losses.ValueLoss.mean": {
            "value": 0.4268664372464021,
            "min": 0.4268664372464021,
            "max": 0.4268664372464021,
            "count": 1
        },
        "DronePoca.Losses.ValueLoss.sum": {
            "value": 0.4268664372464021,
            "min": 0.4268664372464021,
            "max": 0.4268664372464021,
            "count": 1
        },
        "DronePoca.Losses.BaselineLoss.mean": {
            "value": 0.8935276647408803,
            "min": 0.8935276647408803,
            "max": 0.8935276647408803,
            "count": 1
        },
        "DronePoca.Losses.BaselineLoss.sum": {
            "value": 0.8935276647408803,
            "min": 0.8935276647408803,
            "max": 0.8935276647408803,
            "count": 1
        },
        "DronePoca.Policy.LearningRate.mean": {
            "value": 0.00029975361008213,
            "min": 0.00029975361008213,
            "max": 0.00029975361008213,
            "count": 1
        },
        "DronePoca.Policy.LearningRate.sum": {
            "value": 0.00029975361008213,
            "min": 0.00029975361008213,
            "max": 0.00029975361008213,
            "count": 1
        },
        "DronePoca.Policy.Epsilon.mean": {
            "value": 0.19991787,
            "min": 0.19991787,
            "max": 0.19991787,
            "count": 1
        },
        "DronePoca.Policy.Epsilon.sum": {
            "value": 0.19991787,
            "min": 0.19991787,
            "max": 0.19991787,
            "count": 1
        },
        "DronePoca.Policy.Beta.mean": {
            "value": 0.004995901713000001,
            "min": 0.004995901713000001,
            "max": 0.004995901713000001,
            "count": 1
        },
        "DronePoca.Policy.Beta.sum": {
            "value": 0.004995901713000001,
            "min": 0.004995901713000001,
            "max": 0.004995901713000001,
            "count": 1
        },
        "DronePoca.IsTraining.mean": {
            "value": 1.0,
            "min": 1.0,
            "max": 1.0,
            "count": 1
        },
        "DronePoca.IsTraining.sum": {
            "value": 1.0,
            "min": 1.0,
            "max": 1.0,
            "count": 1
        }
    },
    "metadata": {
        "timer_format_version": "0.1.0",
        "start_time_seconds": "1759567506",
        "python_version": "3.7.0 (default, Jun 28 2018, 08:04:48) [MSC v.1912 64 bit (AMD64)]",
        "command_line_arguments": "C:\\Users\\ajou\\anaconda3\\envs\\2025capstone\\Scripts\\mlagents-learn DronePoca.yaml --run-id=test02 --force",
        "mlagents_version": "0.27.0",
        "mlagents_envs_version": "0.27.0",
        "communication_protocol_version": "1.5.0",
        "pytorch_version": "1.13.1+cpu",
        "numpy_version": "1.21.6",
        "end_time_seconds": "1759567723"
    },
    "total": 216.6277825,
    "count": 1,
    "self": 0.0042371999999772925,
    "children": {
        "run_training.setup": {
            "total": 0.04721489999999995,
            "count": 1,
            "self": 0.04721489999999995
        },
        "TrainerController.start_learning": {
            "total": 216.57633040000002,
            "count": 1,
            "self": 0.4499522000014622,
            "children": {
                "TrainerController._reset_env": {
                    "total": 7.940274100000001,
                    "count": 1,
                    "self": 7.940274100000001
                },
                "TrainerController.advance": {
                    "total": 208.11083929999853,
                    "count": 25756,
                    "self": 0.39925719999800435,
                    "children": {
                        "env_step": {
                            "total": 174.02940729999955,
                            "count": 25756,
                            "self": 151.33934470000094,
                            "children": {
                                "SubprocessEnvManager._take_step": {
                                    "total": 22.432725199998117,
                                    "count": 25756,
                                    "self": 1.2977586999979707,
                                    "children": {
                                        "TorchPolicy.evaluate": {
                                            "total": 21.134966500000147,
                                            "count": 25751,
                                            "self": 3.67259530000031,