{
    "name": "root",
    "gauges": {
        "DronePoca.Policy.Entropy.mean": {
            "value": 1.4454911947250366,
            "min": 1.4151902198791504,
            "max": 1.4454911947250366,
            "count": 17
        },
        "DronePoca.Policy.Entropy.sum": {
            "value": 72528.96875,
            "min": 70685.4921875,
            "max": 72528.96875,
            "count": 17
        },
        "DronePoca.Step.mean": {
            "value": 849920.0,
            "min": 49920.0,
            "max": 849920.0,
            "count": 17
        },
        "DronePoca.Step.sum": {
            "value": 849920.0,
            "min": 49920.0,
            "max": 849920.0,
            "count": 17
        },
        "DronePoca.Policy.ExtrinsicBaselineEstimate.mean": {
            "value": -79.8746109008789,
            "min": -79.8746109008789,
            "max": 8.435874042334035e-05,
            "count": 17
        },
        "DronePoca.Policy.ExtrinsicBaselineEstimate.sum": {
            "value": -31230.97265625,
            "min": -31230.97265625,
            "max": 0.03289990872144699,
            "count": 17
        },
        "DronePoca.Policy.ExtrinsicValueEstimate.mean": {
            "value": -79.8746109008789,
            "min": -79.8746109008789,
            "max": 8.435874042334035e-05,
            "count": 17
        },
        "DronePoca.Policy.ExtrinsicValueEstimate.sum": {
            "value": -31230.97265625,
            "min": -31230.97265625,
            "max": 0.03289990872144699,
            "count": 17
        },
        "DronePoca.Losses.PolicyLoss.mean": {
            "value": 0.014540152174595278,
            "min": 0.014118946019637708,
            "max": 0.01910448815130318,
            "count": 17
        },
        "DronePoca.Losses.PolicyLoss.sum": {
            "value": 0.014540152174595278,
            "min": 0.014118946019637708,
            "max": 0.03426309493612886,
            "count": 17
        },
        "DronePoca.Losses.ValueLoss.mean": {
            "value": 2.177090052763621,
            "min": 4.583679307148536e-05,
            "max": 47.0742092927297,
            "count": 17
        },
        "DronePoca.Losses.ValueLoss.sum": {
            "value": 2.177090052763621,
            "min": 4.583679307148536e-05,
            "max": 47.0742092927297,
            "count": 17
        },
        "DronePoca.Losses.BaselineLoss.mean": {
            "value": 15.103280798594158,
            "min": 4.583679307255117e-05,
            "max": 190.90944137573243,
            "count": 17
        },
        "DronePoca.Losses.BaselineLoss.sum": {
            "value": 15.103280798594158,
            "min": 4.583679307255117e-05,
            "max": 190.90944137573243,
            "count": 17
        },
        "DronePoca.Policy.LearningRate.mean": {
            "value": 0.0002950540816486399,
            "min": 0.0002950540816486399,
            "max": 0.0002997527040824319,
            "count": 17
        },
        "DronePoca.Policy.LearningRate.sum": {
            "value": 0.0002950540816486399,
            "min": 0.0002950540816486399,
            "max": 0.0005972797449067518,
            "count": 17
        },
        "DronePoca.Policy.Epsilon.mean": {
            "value": 0.19835136000000003,
            "min": 0.19835136000000003,
            "max": 0.19991756800000002,
            "count": 17
        },
        "DronePoca.Policy.Epsilon.sum": {
            "value": 0.19835136000000003,
            "min": 0.19835136000000003,
            "max": 0.399093248,
            "count": 17
        },
        "DronePoca.Policy.Beta.mean": {
            "value": 0.004917732864,
            "min": 0.004917732864,
            "max": 0.004995886643199999,
            "count": 17
        },
        "DronePoca.Policy.Beta.sum": {
            "value": 0.004917732864,
            "min": 0.004917732864,
            "max": 0.009954753075200001,
            "count": 17
        },
        "DronePoca.IsTraining.mean": {
            "value": 1.0,
            "min": 1.0,
            "max": 1.0,
            "count": 17
        },
        "DronePoca.IsTraining.sum": {
            "value": 1.0,
            "min": 1.0,
            "max": 1.0,
            "count": 17
        }
    },
    "metadata": {
        "timer_format_version": "0.1.0",
        "start_time_seconds": "1759564775",
        "python_version": "3.7.0 (default, Jun 28 2018, 08:04:48) [MSC v.1912 64 bit (AMD64)]",
        "command_line_arguments": "C:\\Users\\ajou\\anaconda3\\envs\\2025capstone\\Scripts\\mlagents-learn DronePoca.yaml --run-id=test02 --force",
        "mlagents_version": "0.27.0",
        "mlagents_envs_version": "0.27.0",
        "communication_protocol_version": "1.5.0",
        "pytorch_version": "1.13.1+cpu",
        "numpy_version": "1.21.6",
        "end_time_seconds": "1759568520"
    },
    "total": 3745.2658246,
    "count": 1,
    "self": 0.005103599999983999,
    "children": {
        "run_training.setup": {
            "total": 0.0705973000000002,
            "count": 1,
            "self": 0.0705973000000002
        },
        "TrainerController.start_learning": {
            "total": 3745.1901237,
            "count": 1,
            "self": 8.668914100112943,
            "children": {
                "TrainerController._reset_env": {
                    "total": 45.7379058,
                    "count": 1,
                    "self": 45.7379058
                },
                "TrainerController.advance": {
                    "total": 3690.725176699887,
                    "count": 440624,
                    "self": 8.508660700245855,
                    "children": {
                        "env_step": {
                            "total": 3130.483419899924,
                            "count": 440624,
                            "self": 2720.0922301998157,
                            "children": {
                                "SubprocessEnvManager._take_step": {
                                    "total": 404.95740420014755,
                                    "count": 440624,
                                    "self": 24.07780820015688,
                                    "children": {
                                        "TorchPolicy.evaluate": {
                                            "total": 380.87959599999067,
                                            "count": 440624,
                                            "self": 68.3851184999977,
                                            "children": {
                                                "TorchPolicy.sample_actions": {
                                                    "total": 312.49447749999297,
                                                    "count": 440624,
                                                    "self": 312.49447749999297
                                                }
                                            }
                                        }
                                    }
                                },
                                "workers": {
                                    "total": 5.433785499960301,
                                    "count": 440623,
                                    "self": 0.0,
                                    "children": {
                                        "worker_root": {
                                            "total": 3691.870158799872,
                                            "count": 440623,
                                            "is_parallel": true,
                                            "self": 1359.8510152998806,
                                            "children": {
                                                "steps_from_proto": {
                                                    "total": 0.001383099999998194,
                                                    "count": 1,
                                                    "is_parallel": true,