{
    "name": "root",
    "gauges": {
        "DronePoca.Policy.Entropy.mean": {
            "value": 1.4189962148666382,
            "min": 1.4189962148666382,
            "max": 1.4189962148666382,
            "count": 1
        },
        "DronePoca.Policy.Entropy.sum": {
            "value": 71179.6875,
            "min": 71179.6875,
            "max": 71179.6875,
            "count": 1
        },
        "DronePoca.Step.mean": {
            "value": 49938.0,
            "min": 49938.0,
            "max": 49938.0,
            "count": 1
        },
        "DronePoca.Step.sum": {
            "value": 49938.0,
            "min": 49938.0,
            "max": 49938.0,
            "count": 1
        },
        "DronePoca.Policy.ExtrinsicBaselineEstimate.mean": {
            "value": 0.12197050452232361,
            "min": 0.12197050452232361,
            "max": 0.12197050452232361,
            "count": 1
        },
        "DronePoca.Policy.ExtrinsicBaselineEstimate.sum": {
            "value": 47.81243896484375,
            "min": 47.81243896484375,
            "max": 47.81243896484375,
            "count": 1
        },
        "DronePoca.Policy.ExtrinsicValueEstimate.mean": {
            "value": 0.12197050452232361,
            "min": 0.12197050452232361,
            "max": 0.12197050452232361,
            "count": 1
        },
        "DronePoca.Policy.ExtrinsicValueEstimate.sum": {
            "value": 47.81243896484375,
            "min": 47.81243896484375,
            "max": 47.81243896484375,
            "count": 1
        },
        "DronePoca.Environment.EpisodeLength.mean": {
            "value": 11098.333333333334,
            "min": 11098.333333333334,
            "max": 11098.333333333334,
            "count": 1
        },
        "DronePoca.Environment.EpisodeLength.sum": {
            "value": 33295.0,
            "min": 33295.0,
            "max": 33295.0,
            "count": 1
        },
        "DronePoca.Environment.CumulativeReward.mean": {
            "value": 81.69190273682277,
            "min": 81.69190273682277,
            "max": 81.69190273682277,
            "count": 1
        },
        "DronePoca.Environment.CumulativeReward.sum": {
            "value": 245.0757082104683,
            "min": 245.0757082104683,
            "max": 245.0757082104683,
            "count": 1
        },
        "DronePoca.Policy.ExtrinsicReward.mean": {
            "value": 81.69190273682277,
            "min": 81.69190273682277,
            "max": 81.69190273682277,
            "count": 1
        },
        "DronePoca.Policy.ExtrinsicReward.sum": {
            "value": 245.0757082104683,
            "min": 245.0757082104683,
            "max": 245.0757082104683,
            "count": 1
        },
        "DronePoca.Environment.GroupCumulativeReward.mean": {
            "value": 0.0,
            "min": 0.0,
            "max": 0.0,
            "count": 1
        },
        "DronePoca.Environment.GroupCumulativeReward.sum": {
            "value": 0.0,
            "min": 0.0,
            "max": 0.0,
            "count": 1
        },
        "DronePoca.Losses.PolicyLoss.mean": {
            "value": 0.017520749850276237,
            "min": 0.017520749850276237,
            "max": 0.017520749850276237,
            "count": 1
        },
        "DronePoca.Losses.PolicyLoss.sum": {
            "value": 0.017520749850276237,
            "min": 0.017520749850276237,
            "max": 0.017520749850276237,
            "count": 1
        },
        "DronePoca.Losses.ValueLoss.mean": {
            "value": 0.057820711222787695,
            "min": 0.057820711222787695,
            "max": 0.057820711222787695,
            "count": 1
        },
        "DronePoca.Losses.ValueLoss.sum": {
            "value": 0.057820711222787695,
            "min": 0.057820711222787695,
            "max": 0.057820711222787695,
            "count": 1
        },
        "DronePoca.Losses.BaselineLoss.mean": {
            "value": 0.10030606351792812,
            "min": 0.10030606351792812,
            "max": 0.10030606351792812,
            "count": 1
        },
        "DronePoca.Losses.BaselineLoss.sum": {
            "value": 0.10030606351792812,
            "min": 0.10030606351792812,
            "max": 0.10030606351792812,
            "count": 1
        },
        "DronePoca.Policy.LearningRate.mean": {
            "value": 0.00029975413208195594,
            "min": 0.00029975413208195594,
            "max": 0.00029975413208195594,
            "count": 1
        },
        "DronePoca.Policy.LearningRate.sum": {
            "value": 0.00029975413208195594,
            "min": 0.00029975413208195594,
            "max": 0.00029975413208195594,
            "count": 1
        },
        "DronePoca.Policy.Epsilon.mean": {
            "value": 0.19991804400000004,
            "min": 0.19991804400000004,
            "max": 0.19991804400000004,
            "count": 1
        },
        "DronePoca.Policy.Epsilon.sum": {
            "value": 0.19991804400000004,
            "min": 0.19991804400000004,
            "max": 0.19991804400000004,
            "count": 1
        },
        "DronePoca.Policy.Beta.mean": {
            "value": 0.004995910395599999,
            "min": 0.004995910395599999,
            "max": 0.004995910395599999,
            "count": 1
        },
        "DronePoca.Policy.Beta.sum": {
            "value": 0.004995910395599999,
            "min": 0.004995910395599999,
            "max": 0.004995910395599999,
            "count": 1
        },
        "DronePoca.IsTraining.mean": {
            "value": 1.0,
            "min": 1.0,
            "max": 1.0,
            "count": 1
        },
        "DronePoca.IsTraining.sum": {
            "value": 1.0,
            "min": 1.0,
            "max": 1.0,
            "count": 1
        }
    },
    "metadata": {
        "timer_format_version": "0.1.0",
        "start_time_seconds": "1759567123",
        "python_version": "3.7.0 (default, Jun 28 2018, 08:04:48) [MSC v.1912 64 bit (AMD64)]",
        "command_line_arguments": "C:\\Users\\ajou\\anaconda3\\envs\\2025capstone\\Scripts\\mlagents-learn DronePoca.yaml --run-id=test02 --force",
        "mlagents_version": "0.27.0",
        "mlagents_envs_version": "0.27.0",
        "communication_protocol_version": "1.5.0",
        "pytorch_version": "1.13.1+cpu",
        "numpy_version": "1.21.6",
        "end_time_seconds": "1759567616"
    },
    "total": 493.2622644,
    "count": 1,
    "self": 0.004965400000003228,
    "children": {
        "run_training.setup": {
            "total": 0.053833699999999984,
            "count": 1,
            "self": 0.053833699999999984
        },
        "TrainerController.start_learning": {
            "total": 493.2034653,
            "count": 1,
            "self": 0.8453606999978547,
            "children": {
                "TrainerController._reset_env": {
                    "total": 9.017208499999999,
                    "count": 1,
                    "self": 9.017208499999999
                },
                "TrainerController.advance": {
                    "total": 483.25510610000214,
                    "count": 39848,
                    "self": 0.7508395999930144,
                    "children": {
                        "env_step": {
                            "total": 448.6538790000025,
                            "count": 39848,
                            "self": 406.7393080999975,
                            "children": {
                                "SubprocessEnvManager._take_step": {
                                    "total": 41.4119470000045,
                                    "count": 39848,
                                    "self": 2.302964400002942,
                                    "children": {
                                        "TorchPolicy.evaluate": {
                                            "total": 39.10898260000156,
                                            "count": 39844,